{"cameraMode":{"drawMode":0,"name":"Shaded","section":"Shading Mode"},"sceneLighting":false,"audioPlay":false,"sceneViewState":{"showFog":true,"showMaterialUpdate":false,"showSkybox":false,"showFlares":true,"showImageEffects":true,"showParticleSystems":true},"in2DMode":false,"pivot":{"x":0.0,"y":2.400907039642334,"z":0.02625352144241333},"rotation":{"x":-0.00011214357073185965,"y":-0.9906766414642334,"z":0.1363864541053772,"w":-0.0008886380819603801},"size":2.576369047164917,"orthographic":false}