{"cameraMode":{"drawMode":0,"name":"Shaded","section":"Shading Mode"},"sceneLighting":false,"audioPlay":false,"sceneViewState":{"showFog":true,"showMaterialUpdate":false,"showSkybox":false,"showFlares":true,"showImageEffects":true,"showParticleSystems":true},"in2DMode":false,"pivot":{"x":0.0,"y":2.2730000019073488,"z":-0.054000020027160647},"rotation":{"x":-0.0305373203009367,"y":-0.965506911277771,"z":0.1329236626625061,"w":-0.22189249098300935},"size":2.094165563583374,"orthographic":false}